motif_id	motif_alt_id	sequence_name	start	stop	strand	score	p-value	q-value	matched_sequence
YBSAATMCACA	MEME-1	camsap1b_1	483	493	+	16.2895	1.16e-06	0.196	CTGAATCCACA
YBSAATMCACA	MEME-1	ccdc157_1	386	396	+	16.0921	1.36e-06	0.196	CGGAATCCACA
YBSAATMCACA	MEME-1	b4galnt1a_1	275	285	+	16.0526	1.82e-06	0.196	CTCAATCCACA
YBSAATMCACA	MEME-1	adkb-1_1	440	450	-	16.0526	1.82e-06	0.196	GCGAATCCACA
YBSAATMCACA	MEME-1	xrcc1_1	451	461	-	16.0526	1.82e-06	0.196	CTCAATCCACA
YBSAATMCACA	MEME-1	plp1a_1	523	533	+	15.8289	2.33e-06	0.196	TTGAATCCACA
YBSAATMCACA	MEME-1	GPR31_1	258	268	-	15.8289	2.33e-06	0.196	TTGAATCCACA
YBSAATMCACA	MEME-1	clptm1l_1	272	282	-	15.8289	2.33e-06	0.196	TTGAATCCACA
YBSAATMCACA	MEME-1	INTS4_1	286	296	-	15.6316	3.03e-06	0.196	TGGAATCCACA
YBSAATMCACA	MEME-1	clstn1_1	346	356	+	15.5921	3.33e-06	0.196	TTCAATCCACA
YBSAATMCACA	MEME-1	pax3a_1	497	507	+	15.5921	3.33e-06	0.196	TTCAATCCACA
YBSAATMCACA	MEME-1	clstn1_1	143	153	-	15.5921	3.33e-06	0.196	TTCAATCCACA
YBSAATMCACA	MEME-1	hbz_1	280	290	-	15.5921	3.33e-06	0.196	TTCAATCCACA
YBSAATMCACA	MEME-1	nlgn3a_1	253	263	+	15.5658	3.58e-06	0.196	CCCAATACACA
YBSAATMCACA	MEME-1	anks1b_1	110	120	-	15.5658	3.58e-06	0.196	CCCAATACACA
YBSAATMCACA	MEME-1	elf3_1	117	127	-	15.5658	3.58e-06	0.196	CCCAATACACA
YBSAATMCACA	MEME-1	lmx1a_1	307	317	-	15.5658	3.58e-06	0.196	CCCAATACACA
YBSAATMCACA	MEME-1	lyrm9_1	260	270	+	15.5395	3.83e-06	0.196	CAGAATCCACA
YBSAATMCACA	MEME-1	ndufaf2_1	90	100	-	15.5395	3.83e-06	0.196	CAGAATCCACA
YBSAATMCACA	MEME-1	pdpk1a_1	91	101	-	15.5395	3.83e-06	0.196	CAGAATCCACA
YBSAATMCACA	MEME-1	zgc:162592_1	552	562	-	15.5395	3.83e-06	0.196	CAGAATCCACA
YBSAATMCACA	MEME-1	anp32a_1	380	390	+	15.3947	4.08e-06	0.196	TGCAATCCACA
YBSAATMCACA	MEME-1	smndc1_1	359	369	+	15.3421	4.39e-06	0.196	TCGAATACACA
YBSAATMCACA	MEME-1	tmub2_1	130	140	-	15.3026	4.63e-06	0.196	CACAATCCACA
YBSAATMCACA	MEME-1	sult2st2_1	14	24	+	15.25	4.88e-06	0.196	GTGAATCCACA
YBSAATMCACA	MEME-1	cdc14ab_1	329	339	-	15.25	4.88e-06	0.196	GTGAATCCACA
YBSAATMCACA	MEME-1	acss1_1	340	350	-	15.25	4.88e-06	0.196	GTGAATCCACA
YBSAATMCACA	MEME-1	dcbld2_1	378	388	+	15.1447	5.13e-06	0.196	CCTAATCCACA
YBSAATMCACA	MEME-1	ankrd10a_1	454	464	+	15.1447	5.13e-06	0.196	CCTAATCCACA
YBSAATMCACA	MEME-1	rabac1_1	9	19	-	15.1053	5.44e-06	0.196	TCCAATACACA
YBSAATMCACA	MEME-1	notch1b_1	165	175	-	15.0526	5.95e-06	0.196	GGGAATCCACA
YBSAATMCACA	MEME-1	tmem243b_1	352	362	+	15.0132	6.44e-06	0.196	ACGAATCCACA
YBSAATMCACA	MEME-1	styx_1	74	84	-	15.0132	6.44e-06	0.196	ACGAATCCACA
YBSAATMCACA	MEME-1	nlrx1_1	243	253	+	15	6.75e-06	0.196	CTGAATACACA
YBSAATMCACA	MEME-1	rps2_1	510	520	+	15	6.75e-06	0.196	CTGAATACACA
YBSAATMCACA	MEME-1	fbxo22_1	129	139	-	15	6.75e-06	0.196	CTGAATACACA
YBSAATMCACA	MEME-1	si:ch211-202f3.3_1	289	299	-	15	6.75e-06	0.196	CTGAATACACA
YBSAATMCACA	MEME-1	tmx4_1	414	424	-	15	6.75e-06	0.196	CTGAATACACA
YBSAATMCACA	MEME-1	atf7ip_3	9	19	+	14.8421	7.05e-06	0.196	TACAATCCACA
YBSAATMCACA	MEME-1	fan1_1	173	183	+	14.8421	7.05e-06	0.196	TACAATCCACA
YBSAATMCACA	MEME-1	srrd_1	200	210	+	14.8421	7.05e-06	0.196	TACAATCCACA
YBSAATMCACA	MEME-1	gpkow_1	492	502	+	14.8421	7.05e-06	0.196	TACAATCCACA
YBSAATMCACA	MEME-1	ppap2c_1	18	28	-	14.8421	7.05e-06	0.196	TACAATCCACA
YBSAATMCACA	MEME-1	znf207b_1	360	370	-	14.8421	7.05e-06	0.196	TACAATCCACA
YBSAATMCACA	MEME-1	nfkbiaa_1	561	571	-	14.8421	7.05e-06	0.196	TACAATCCACA
YBSAATMCACA	MEME-1	mrps2_1	66	76	+	14.7632	8.31e-06	0.204	CTCAATACACA
YBSAATMCACA	MEME-1	wu:fb17f05_1	159	169	+	14.7632	8.31e-06	0.204	GCGAATACACA
YBSAATMCACA	MEME-1	gsc_1	363	373	+	14.7632	8.31e-06	0.204	CTCAATACACA
YBSAATMCACA	MEME-1	ch211-234c11.3-1_1	25	35	-	14.7632	8.31e-06	0.204	CTCAATACACA
YBSAATMCACA	MEME-1	eif3jb_1	436	446	-	14.7632	8.31e-06	0.204	GCGAATACACA
YBSAATMCACA	MEME-1	ADAD1_1	521	531	-	14.7632	8.31e-06	0.204	CTCAATACACA
YBSAATMCACA	MEME-1	fscn2b_1	33	43	-	14.6842	8.61e-06	0.205	TCTAATCCACA
YBSAATMCACA	MEME-1	fitm2_1	260	270	+	14.5395	9.23e-06	0.205	TTGAATACACA
YBSAATMCACA	MEME-1	rnaseka_1	357	367	+	14.5395	9.23e-06	0.205	TTGAATACACA
YBSAATMCACA	MEME-1	HHLA2-3_1	207	217	-	14.5395	9.23e-06	0.205	TTGAATACACA
YBSAATMCACA	MEME-1	icln_1	368	378	-	14.5395	9.23e-06	0.205	TTGAATACACA
YBSAATMCACA	MEME-1	vps16_1	414	424	-	14.5263	9.48e-06	0.205	GCCAATACACA
YBSAATMCACA	MEME-1	plrg1_1	104	114	-	14.5	9.73e-06	0.205	GAGAATCCACA
YBSAATMCACA	MEME-1	hnrnpa1b_1	100	110	+	14.4605	9.98e-06	0.205	CCAAATCCACA
YBSAATMCACA	MEME-1	supt3h_1	472	482	+	14.4605	9.98e-06	0.205	CCAAATCCACA
YBSAATMCACA	MEME-1	tmprss13a_1	547	557	+	14.4605	9.98e-06	0.205	CCAAATCCACA
YBSAATMCACA	MEME-1	FBXO48_1	322	332	+	14.3026	1.1e-05	0.222	TTCAATACACA
YBSAATMCACA	MEME-1	mst1ra_1	266	276	+	14.25	1.15e-05	0.229	CAGAATACACA
YBSAATMCACA	MEME-1	rarga_1	208	218	+	13.9605	1.43e-05	0.28	GTGAATACACA
YBSAATMCACA	MEME-1	cxcl12a_1	296	306	-	13.8816	1.49e-05	0.287	TTTAATCCACA
YBSAATMCACA	MEME-1	crip1_1	319	329	+	13.7895	1.55e-05	0.295	TAGAATACACA
YBSAATMCACA	MEME-1	mks1_1	136	146	+	13.5526	1.86e-05	0.343	TACAATACACA
YBSAATMCACA	MEME-1	luc7l_1	229	239	+	13.5526	1.86e-05	0.343	TACAATACACA
YBSAATMCACA	MEME-1	srrd_1	181	191	+	13.1316	2.45e-05	0.445	TATAATCCACA
YBSAATMCACA	MEME-1	rxrbb_1	335	345	-	12.9211	2.74e-05	0.484	ATGAATACACA
YBSAATMCACA	MEME-1	tmem243b_1	440	450	-	12.9211	2.74e-05	0.484	ATGAATACACA
YBSAATMCACA	MEME-1	camsap1b_1	347	357	+	12.9079	2.8e-05	0.488	CAAAATCCACA
YBSAATMCACA	MEME-1	fndc3ba_1	193	203	-	12.8158	2.94e-05	0.504	GCTAATACACA
YBSAATMCACA	MEME-1	anxa1b_1	325	335	+	12.6184	3.32e-05	0.563	GTAAATCCACA
YBSAATMCACA	MEME-1	srek1_1	202	212	-	12.5	3.46e-05	0.578	TTGAATCAACA
YBSAATMCACA	MEME-1	mtfr1_1	248	258	+	12.3816	3.85e-05	0.635	ACAAATCCACA
YBSAATMCACA	MEME-1	foxf2a_1	295	305	-	12.2632	4.05e-05	0.655	TTCAATCAACA
YBSAATMCACA	MEME-1	desma_1	222	232	-	12.2368	4.1e-05	0.655	CCCAATAAACA
YBSAATMCACA	MEME-1	scg3_1	205	215	-	12.2237	4.13e-05	0.655	CCTAATCCACT
YBSAATMCACA	MEME-1	INTS4_1	288	298	+	12.2105	4.18e-05	0.655	TGGATTCCACA
YBSAATMCACA	MEME-1	stk11_1	343	353	+	12.1711	4.31e-05	0.667	TTCATTCCACA
YBSAATMCACA	MEME-1	GPR31_1	322	332	+	12.0789	4.52e-05	0.691	CTGAATACACT
YBSAATMCACA	MEME-1	icln_1	138	148	-	12.0132	4.66e-05	0.703	TCGAATAAACA
YBSAATMCACA	MEME-1	tmem243b_1	475	485	+	11.9342	4.76e-05	0.711	AACAATACACA
YBSAATMCACA	MEME-1	gorasp1_1	325	335	-	11.7105	5.46e-05	0.8	TGAAATACACA
YBSAATMCACA	MEME-1	fndc3ba_1	339	349	+	11.6842	5.55e-05	0.8	GTCAATCAACA
YBSAATMCACA	MEME-1	tmx3_1	411	421	-	11.6842	5.55e-05	0.8	GTCAATCAACA
YBSAATMCACA	MEME-1	styx_1	84	94	-	11.5789	5.91e-05	0.841	ATAAATCCACA
YBSAATMCACA	MEME-1	tmx3_1	368	378	+	11.4474	6.11e-05	0.861	ACCAATCAACA
YBSAATMCACA	MEME-1	gys1_1	165	175	+	11.4211	6.29e-05	0.876	CTTAATCCACT
YBSAATMCACA	MEME-1	hmcn1_1	374	384	+	11.3289	6.61e-05	0.911	GTAAATACACA
YBSAATMCACA	MEME-1	supt3h_1	72	82	+	11.2105	6.83e-05	0.92	TTGAATAAACA
YBSAATMCACA	MEME-1	polr3c_1	348	358	-	11.2105	6.83e-05	0.92	TTGAATAAACA
YBSAATMCACA	MEME-1	luc7l_1	239	249	+	11.0921	7.27e-05	0.966	ACAAATACACA
YBSAATMCACA	MEME-1	actn2_1	206	216	-	11.0789	7.32e-05	0.966	TCAAATCCACT
YBSAATMCACA	MEME-1	smad6b_1	233	243	+	11.0132	7.48e-05	0.967	TGGAATAAACA
YBSAATMCACA	MEME-1	morc3b_1	351	361	-	11.0132	7.48e-05	0.967	CTTAATCAACA
YBSAATMCACA	MEME-1	tubgcp5_1	320	330	+	10.8289	8.12e-05	1	CAGATTACACA
YBSAATMCACA	MEME-1	tpm3_1	213	223	+	10.7763	8.37e-05	1	TGCAATAAACA
YBSAATMCACA	MEME-1	si:ch211-202f3.3_1	123	133	+	10.6711	8.73e-05	1	TCAAATCAACA
YBSAATMCACA	MEME-1	epd_1	402	412	-	10.4605	9.45e-05	1	TAGAATAAACA
YBSAATMCACA	MEME-1	nfkbiaa_1	316	326	-	10.4342	9.57e-05	1	CCTATTACACA
YBSAATMCACA	MEME-1	b4galnt1a_1	239	249	+	10.3947	9.66e-05	1	GTCAATAAACA
YBSAATMCACA	MEME-1	camsap1b_1	11	21	-	10.2895	0.000101	1	ATAAATACACA
YBSAATMCACA	MEME-1	camsap1b_1	165	175	-	10.2895	0.000101	1	ATAAATACACA
YBSAATMCACA	MEME-1	smad5_1	204	214	+	10.2237	0.000104	1	AATAATACACA
YBSAATMCACA	MEME-1	acss1_1	103	113	-	9.78947	0.000121	1	TCAAATACACT
YBSAATMCACA	MEME-1	fitm2_1	512	522	+	9.15789	0.000149	1	CACAGTACACA
YBSAATMCACA	MEME-1	nfkbiaa_1	290	300	-	9.15789	0.000149	1	AGGAGTCCACA
YBSAATMCACA	MEME-1	srek1_1	204	214	+	9.07895	0.000153	1	TTGATTCAACA
YBSAATMCACA	MEME-1	fscn2b_1	153	163	+	9.06579	0.000154	1	AGCATTACACA
YBSAATMCACA	MEME-1	pdpk1a_1	84	94	-	9.05263	0.000155	1	CACAATCAACT
YBSAATMCACA	MEME-1	GPR31_1	168	178	-	9.05263	0.000155	1	ACAAATCAACA
YBSAATMCACA	MEME-1	fitm2_1	505	515	+	8.88158	0.000164	1	CATATTACACA
YBSAATMCACA	MEME-1	xrcc1_1	556	566	-	8.88158	0.000164	1	TGGATTCAACA
YBSAATMCACA	MEME-1	hmcn1_1	315	325	-	8.86842	0.000164	1	ACGAGTACACA
YBSAATMCACA	MEME-1	atf7ip_3	135	145	-	8.84211	0.000167	1	AAGAATAAACA
YBSAATMCACA	MEME-1	ch211-234c11.3-1_1	60	70	+	8.31579	0.000193	1	CCAAGTACACA
YBSAATMCACA	MEME-1	adkb-1_1	173	183	-	8.21053	0.000199	1	GGAAATACACT
YBSAATMCACA	MEME-1	GPR31_1	391	401	+	8.06579	0.000205	1	GGCATTCAACA
YBSAATMCACA	MEME-1	anp32a_1	179	189	-	8.05263	0.000207	1	TTCAATAAACT
YBSAATMCACA	MEME-1	HHLA2-3_1	545	555	-	8.05263	0.000207	1	CAAAGTCCACA
YBSAATMCACA	MEME-1	tmub2_1	589	599	-	8	0.000211	1	GTAAATAAACA
YBSAATMCACA	MEME-1	mks1_1	204	214	-	7.82895	0.000218	1	TAAAATAAACA
YBSAATMCACA	MEME-1	anks1b_1	357	367	+	7.81579	0.000219	1	CGCATTAAACA
YBSAATMCACA	MEME-1	wu:fb17f05_1	301	311	-	7.78947	0.00022	1	TTGATTAAACA
YBSAATMCACA	MEME-1	wu:fb17f05_1	240	250	-	7.76316	0.000223	1	ACAAATAAACA
YBSAATMCACA	MEME-1	tmx4_1	487	497	-	7.46053	0.000238	1	ATGATTCAACA
YBSAATMCACA	MEME-1	plrg1_1	338	348	-	7.26316	0.00025	1	CACATTAAACA
YBSAATMCACA	MEME-1	rabac1_1	537	547	+	7.11842	0.000258	1	CACAGTCAACA
YBSAATMCACA	MEME-1	dcbld2_1	43	53	+	7.07895	0.000259	1	AACAGTACACA
YBSAATMCACA	MEME-1	nfkbiaa_1	155	165	+	6.96053	0.000267	1	ATAAATAAACA
YBSAATMCACA	MEME-1	rxrbb_1	424	434	-	6.96053	0.000267	1	ATAAATAAACA
YBSAATMCACA	MEME-1	eif3jb_1	380	390	+	6.89474	0.00027	1	AATAATAAACA
YBSAATMCACA	MEME-1	vps16_1	203	213	-	6.67105	0.000283	1	ATGAATAAACT
YBSAATMCACA	MEME-1	sult2st2_1	446	456	-	6.65789	0.000284	1	CAAAATCAACT
YBSAATMCACA	MEME-1	srek1_1	154	164	-	6.46053	0.000293	1	TCAAATAAACT
YBSAATMCACA	MEME-1	tmx3_1	199	209	+	6.21053	0.000306	1	GATATTCCACT
YBSAATMCACA	MEME-1	gsc_1	219	229	+	6.21053	0.000306	1	AAAAATAAACA
YBSAATMCACA	MEME-1	rnaseka_1	219	229	-	6.21053	0.000306	1	AAAAATAAACA
YBSAATMCACA	MEME-1	pdpk1a_1	328	338	-	6.15789	0.000309	1	CAAATTCAACA
YBSAATMCACA	MEME-1	tgif1_1	149	159	-	6.11842	0.000312	1	CTAAATAAACT
YBSAATMCACA	MEME-1	gys1_1	230	240	-	6.02632	0.000317	1	CTAATTACACT
YBSAATMCACA	MEME-1	tmub2_1	174	184	+	6.01316	0.000317	1	ATTAATCAACT
YBSAATMCACA	MEME-1	HHLA2-3_1	37	47	+	5.96053	0.00032	1	TGGATTCAACT
YBSAATMCACA	MEME-1	camsap1b_1	121	131	-	5.88158	0.000325	1	GCAAATAAACT
YBSAATMCACA	MEME-1	wu:fb17f05_1	353	363	-	5.84211	0.000326	1	TTTATTAAACA
YBSAATMCACA	MEME-1	polr3c_1	394	404	+	5.77632	0.00033	1	GTGAGTAAACA
YBSAATMCACA	MEME-1	tmx4_1	357	367	-	5.43421	0.000347	1	ACTATTACACT
YBSAATMCACA	MEME-1	smad5_1	5	15	+	5.36842	0.000352	1	TGAATTACACT
YBSAATMCACA	MEME-1	ndufaf2_1	1	11	-	5.14474	0.000362	1	ATGAGTACACT
YBSAATMCACA	MEME-1	plp1a_1	344	354	+	5.09211	0.000366	1	TATATTAAACA
YBSAATMCACA	MEME-1	xrcc1_1	359	369	-	4.96053	0.000373	1	TGAATTAAACA
YBSAATMCACA	MEME-1	b4galnt1a_1	220	230	-	4.86842	0.000379	1	CAAATTAAACA
YBSAATMCACA	MEME-1	nlgn3a_1	340	350	+	4.82895	0.000381	1	ATAATTCAACA
YBSAATMCACA	MEME-1	notch1b_1	93	103	+	4.72368	0.000389	1	TTGAGTCAACT
YBSAATMCACA	MEME-1	actn2_1	216	226	+	4.72368	0.000389	1	ATTAATAAACT
YBSAATMCACA	MEME-1	INTS4_1	314	324	+	4.53947	0.000399	1	AGGAGTAAACA
YBSAATMCACA	MEME-1	rps2_1	525	535	+	4.43421	0.000407	1	GTAAGTCAACA
YBSAATMCACA	MEME-1	HHLA2-3_1	65	75	-	4.43421	0.000407	1	TGCATTAAACT
YBSAATMCACA	MEME-1	foxh1_1	140	150	+	4.32895	0.000412	1	GAAAATAAACT
YBSAATMCACA	MEME-1	fan1_1	188	198	-	4.32895	0.000412	1	GAAAATAAACT
YBSAATMCACA	MEME-1	sult2st2_1	180	190	+	4.19737	0.000423	1	CACAGTCAACT
YBSAATMCACA	MEME-1	nlrx1_1	264	274	+	4.07895	0.00043	1	AAAATTCAACA
YBSAATMCACA	MEME-1	ndufaf2_1	45	55	+	4.03947	0.000434	1	ATAAATAAACT
YBSAATMCACA	MEME-1	xrcc1_1	53	63	+	4.03947	0.000434	1	ATAAATAAACT
YBSAATMCACA	MEME-1	acss1_1	253	263	+	4.03947	0.000434	1	TTGAATTCACA
YBSAATMCACA	MEME-1	vps16_1	133	143	-	4.03947	0.000434	1	TTGAATTCACA
YBSAATMCACA	MEME-1	supt3h_1	27	37	-	4.02632	0.000435	1	AGTATTAAACA
YBSAATMCACA	MEME-1	icln_1	113	123	-	4.02632	0.000435	1	AGTATTAAACA
YBSAATMCACA	MEME-1	smndc1_1	268	278	-	4.02632	0.000435	1	AGTATTAAACA
YBSAATMCACA	MEME-1	smad5_1	246	256	+	3.97368	0.00044	1	AATAATAAACT
YBSAATMCACA	MEME-1	ch211-234c11.3-1_1	43	53	-	3.96053	0.000443	1	CTCAAACCACA
YBSAATMCACA	MEME-1	desma_1	410	420	-	3.96053	0.000443	1	CTCAACCCACA
YBSAATMCACA	MEME-1	ankrd10a_1	505	515	+	3.93421	0.000445	1	TGAAGTACACT
YBSAATMCACA	MEME-1	nfkbiaa_1	252	262	+	3.89474	0.000449	1	GCCACTCCACA
YBSAATMCACA	MEME-1	smad3b_1	153	163	-	3.82895	0.000454	1	GAAATTAAACA
YBSAATMCACA	MEME-1	supt3h_1	81	91	+	3.43421	0.000497	1	CAAAGTAAACA
YBSAATMCACA	MEME-1	smad3b_1	503	513	+	3.21053	0.000519	1	CACTATCCACA
YBSAATMCACA	MEME-1	rarga_1	319	329	-	3.21053	0.000519	1	CACAAGCCACA
YBSAATMCACA	MEME-1	ch211-234c11.3-1_1	584	594	-	3.19737	0.000522	1	AGAAGTCAACA
YBSAATMCACA	MEME-1	fan1_1	146	156	+	3.05263	0.000536	1	AAAAGTCCACT
YBSAATMCACA	MEME-1	notch1b_1	225	235	+	3	0.000542	1	AGTAGTACACT
YBSAATMCACA	MEME-1	tmx4_1	560	570	-	2.96053	0.000548	1	GGGGATCCACA
YBSAATMCACA	MEME-1	hbz_1	93	103	+	2.90789	0.000559	1	CTGAAAACACA
YBSAATMCACA	MEME-1	smad6a_1	112	122	-	2.81579	0.000567	1	AGCATTAAACT
YBSAATMCACA	MEME-1	srrd_1	257	267	+	2.80263	0.000568	1	GAAAGTACACT
YBSAATMCACA	MEME-1	epd_1	148	158	-	2.78947	0.00057	1	AAAATTAAACA
YBSAATMCACA	MEME-1	ch211-234c11.3-1_1	299	309	+	2.77632	0.000572	1	TAAATTCAACT
YBSAATMCACA	MEME-1	ch211-234c11.3-1_1	385	395	-	2.67105	0.000591	1	CTCAAGACACA
YBSAATMCACA	MEME-1	hnrnpa1b_1	353	363	-	2.64474	0.000594	1	GTCAATCCATA
YBSAATMCACA	MEME-1	lyrm9_1	352	362	-	2.59211	0.000603	1	TCTAACCCACA
YBSAATMCACA	MEME-1	hmcn1_1	169	179	-	2.42105	0.000623	1	ATGAATGCACA
YBSAATMCACA	MEME-1	srrd_1	411	421	+	2.39474	0.000629	1	GAAAGTAAACA
YBSAATMCACA	MEME-1	atf7ip_3	268	278	+	2.11842	0.000668	1	ATGAATCCTCA
YBSAATMCACA	MEME-1	pdpk1a_1	79	89	-	2.07895	0.000676	1	TCAACTCCACA
YBSAATMCACA	MEME-1	lmx1a_1	300	310	-	1.92105	0.000701	1	CACAAAACACA
YBSAATMCACA	MEME-1	mst1ra_1	259	269	+	1.88158	0.000712	1	CAGAATACAGA
YBSAATMCACA	MEME-1	tmx3_1	218	228	+	1.86842	0.000716	1	GTGAAAACACA
YBSAATMCACA	MEME-1	smad5_1	211	221	+	1.80263	0.000725	1	CACAATATACA
YBSAATMCACA	MEME-1	gsc_1	105	115	+	1.78947	0.000729	1	TTTTATCCACA
YBSAATMCACA	MEME-1	smad5_1	190	200	-	1.78947	0.000729	1	TTTAATCCTCA
YBSAATMCACA	MEME-1	tpm3_1	196	206	+	1.77632	0.00073	1	CGTAATCCATA
YBSAATMCACA	MEME-1	plp1a_1	175	185	-	1.76316	0.000734	1	CCTCATACACA
YBSAATMCACA	MEME-1	smad2_1	289	299	+	1.69737	0.000743	1	TAGAAGACACA
YBSAATMCACA	MEME-1	nlgn3a_1	520	530	+	1.63158	0.000763	1	ACGAACACACA
YBSAATMCACA	MEME-1	INTS4_1	40	50	+	1.53947	0.000782	1	CGAACTCCACA
YBSAATMCACA	MEME-1	sult2st2_1	436	446	+	1.53947	0.000782	1	AAGACTCCACA
YBSAATMCACA	MEME-1	ppap2c_1	485	495	+	1.5	0.00079	1	GCAACTCCACA
YBSAATMCACA	MEME-1	foxh1_1	150	160	+	1.48684	0.000792	1	TTTAGTAAACT
YBSAATMCACA	MEME-1	nlrx1_1	447	457	-	1.46053	0.000797	1	TACAAAACACA
YBSAATMCACA	MEME-1	si:ch211-202f3.3_1	436	446	-	1.39474	0.000812	1	ACCAAAACACA
YBSAATMCACA	MEME-1	supt3h_1	107	117	-	1.34211	0.000828	1	TACAATATACA
YBSAATMCACA	MEME-1	adkb-1_1	241	251	-	1.34211	0.000828	1	TACAATATACA
YBSAATMCACA	MEME-1	elf3_1	436	446	+	1.30263	0.000839	1	CCGATTCCATA
YBSAATMCACA	MEME-1	mrps2_1	211	221	+	1.27632	0.000845	1	CTGAAGCCACT
YBSAATMCACA	MEME-1	acss1_1	305	315	+	1.27632	0.000845	1	CTGAACCCACT
YBSAATMCACA	MEME-1	vps16_1	227	237	+	1.25	0.000848	1	AAGAATCTACA
YBSAATMCACA	MEME-1	tmprss13a_1	393	403	-	1.21053	0.000857	1	GTTTATCCACA
YBSAATMCACA	MEME-1	icln_1	559	569	-	1.21053	0.000857	1	GTTAAACCACA
YBSAATMCACA	MEME-1	adkb-1_1	161	171	+	1.18421	0.000861	1	TACAATACAAA
YBSAATMCACA	MEME-1	zgc:162592_1	282	292	+	1.11842	0.000877	1	GAGTATACACA
YBSAATMCACA	MEME-1	xrcc1_1	536	546	-	1.09211	0.000884	1	CGAAATCCAAA
YBSAATMCACA	MEME-1	clptm1l_1	540	550	-	1.03947	0.0009	1	CTCGATCCACT
YBSAATMCACA	MEME-1	icln_1	327	337	+	1.01316	0.000905	1	ATGAATACACG
YBSAATMCACA	MEME-1	ankrd10a_1	76	86	-	0.986842	0.000909	1	CAAACTCCACA
YBSAATMCACA	MEME-1	tmub2_1	441	451	+	0.960526	0.00092	1	CTTTATACACA
YBSAATMCACA	MEME-1	notch1b_1	338	348	+	0.907895	0.00093	1	TGAAATCCCCA
YBSAATMCACA	MEME-1	hbz_1	331	341	-	0.868421	0.000939	1	CTGAAACAACA
YBSAATMCACA	MEME-1	fbxo22_1	430	440	-	0.868421	0.000939	1	CTGAACCAACA
YBSAATMCACA	MEME-1	supt3h_1	11	21	+	0.828947	0.000952	1	TTAAATCCAAA
YBSAATMCACA	MEME-1	plp1a_1	159	169	+	0.828947	0.000952	1	TTAAATCCAAA
YBSAATMCACA	MEME-1	rps2_1	193	203	-	0.828947	0.000952	1	ATGAAAACACA
YBSAATMCACA	MEME-1	tmprss13a_1	563	573	-	0.828947	0.000952	1	TTAAATCCAAA
YBSAATMCACA	MEME-1	tmprss13a_1	519	529	-	0.776316	0.000969	1	CTGTTTCCACA
YBSAATMCACA	MEME-1	gsc_1	126	136	+	0.644737	0.000999	1	CGCATTTCACA

# FIMO (Find Individual Motif Occurrences): Version 5.4.1 compiled on Aug 25 2021 at 17:37:39
# The format of this file is described at https://meme-suite.org/meme/doc/fimo-output-format.html.
# fimo --oc . --verbosity 1 --thresh 0.001 motifs.meme fish_promoters.fa
